{
  "metadata": {
    "name": "Buondua",
    "author": "hieu05",
    "version": 3,
    "source": "https://buondua.com/",
    "regexp": "https://buondua.com/.+",
    "description": "Tập Hợp Album của Xiuren...",
    "locale": "vi_VN",
    "tag": "nsfw",
    "type": "comic",
    "language": "javascript"
  },
  "script": {
    "home": "home.js",
    "genre": "genre.js",
    "detail": "detail.js",
    "toc": "toc.js",
    "chap": "chap.js",
    "search": "search.js"
  }
}
